{
  "IMG_20241210_154127": [
    [
      0.05083589936500931,
      0.00423632494708411,
      -20.52499436862251
    ],
    [
      -0.0016526959516359532,
      0.06583238874016635,
      -53.7580675668392
    ],
    [
      -1.022454954292467e-05,
      0.00012240870837601535,
      1.0
    ]
  ],
  "playfield_min": [
    [
      0.044391828361627826,
      0.003100621893380935,
      -26.840308227336838
    ],
    [
      -0.00023616527563061755,
      0.060458168129850616,
      -35.81922220908039
    ],
    [
      2.1778491983950466e-07,
      0.00011622586486994699,
      1.0
    ]
  ]
}