{
  "IMG_20241210_154127": [
    [
      0.05083589936500931,
      0.00423632494708411,
      -20.52499436862251
    ],
    [
      -0.0016526959516359532,
      0.06583238874016635,
      -53.7580675668392
    ],
    [
      -1.022454954292467e-05,
      0.00012240870837601535,
      1.0
    ]
  ],
  "playfield_min": [
    [
      0.04459348712127953,
      0.0032722187900916383,
      -27.12478235979412
    ],
    [
      -3.2692491822598732e-18,
      0.06205060431234155,
      -38.205334222569924
    ],
    [
      1.0009967774728954e-06,
      0.00012504477702466623,
      1.0
    ]
  ]
}