{
  "IMG_20241210_154127": [
    [
      0.05083589936500931,
      0.00423632494708411,
      -20.52499436862251
    ],
    [
      -0.0016526959516359532,
      0.06583238874016635,
      -53.7580675668392
    ],
    [
      -1.022454954292467e-05,
      0.00012240870837601535,
      1.0
    ]
  ],
  "playfield_min": [
    [
      0.04401397971169657,
      0.003074230479844497,
      -26.16478234753782
    ],
    [
      0.00023221694652919765,
      0.06014405179398047,
      -36.21023391483994
    ],
    [
      2.7817838085165774e-06,
      0.00011360619129429918,
      1.0
    ]
  ]
}